{"cameraMode":{"drawMode":0,"name":"Shaded","section":"Shading Mode"},"sceneLighting":false,"audioPlay":false,"sceneViewState":{"m_AlwaysRefresh":false,"showFog":true,"showSkybox":false,"showFlares":true,"showImageEffects":true,"showParticleSystems":true,"showVisualEffectGraphs":true,"m_FxEnabled":true},"in2DMode":false,"pivot":{"x":0.08495068550109863,"y":-0.10043962299823761,"z":0.5555796027183533},"rotation":{"x":-0.2932945489883423,"y":-0.34996604919433596,"z":0.11633767187595368,"w":-0.8820581436157227},"size":0.13721776008605958,"orthographic":true}