{"cameraMode":{"drawMode":0,"name":"Shaded","section":"Shading Mode"},"sceneLighting":true,"audioPlay":false,"sceneViewState":{"m_AlwaysRefresh":false,"showFog":true,"showSkybox":true,"showFlares":true,"showImageEffects":true,"showParticleSystems":true,"showVisualEffectGraphs":true,"m_FxEnabled":true},"in2DMode":false,"pivot":{"x":-6.965221405029297,"y":4.581669807434082,"z":218.2274169921875},"rotation":{"x":0.002690423745661974,"y":0.0005974075756967068,"z":0.000001948642875504447,"w":-0.9999982714653015},"size":180.38526916503907,"orthographic":false}