{"cameraMode":{"drawMode":0,"name":"Shaded","section":"Shading Mode"},"sceneLighting":true,"audioPlay":false,"sceneViewState":{"m_AlwaysRefresh":false,"showFog":true,"showSkybox":true,"showFlares":true,"showImageEffects":true,"showParticleSystems":true,"showVisualEffectGraphs":true,"m_FxEnabled":true},"in2DMode":false,"pivot":{"x":56.15696334838867,"y":18.574430465698243,"z":19.000659942626954},"rotation":{"x":0.21139197051525117,"y":0.14454177021980287,"z":-0.03161204978823662,"w":0.9661632776260376},"size":0.23079466819763184,"orthographic":false}