{"cameraMode":{"drawMode":0,"name":"Shaded","section":"Shading Mode"},"sceneLighting":true,"audioPlay":false,"sceneViewState":{"m_AlwaysRefresh":false,"showFog":true,"showSkybox":true,"showFlares":true,"showImageEffects":true,"showParticleSystems":true,"showVisualEffectGraphs":true,"m_FxEnabled":true},"in2DMode":false,"pivot":{"x":1.121941089630127,"y":3.3778111934661867,"z":-7.063356876373291},"rotation":{"x":-0.2583065330982208,"y":0.7110049724578857,"z":-0.32291117310523989,"w":-0.5687548518180847},"size":0.008531454019248486,"orthographic":false}