{"cameraMode":{"drawMode":0,"name":"Shaded","section":"Shading Mode"},"sceneLighting":false,"audioPlay":false,"sceneViewState":{"m_AlwaysRefresh":false,"showFog":true,"showSkybox":false,"showFlares":true,"showImageEffects":true,"showParticleSystems":true,"showVisualEffectGraphs":true,"m_FxEnabled":true},"in2DMode":false,"pivot":{"x":107.8365478515625,"y":102.86451721191406,"z":470.70941162109377},"rotation":{"x":0.15623751282691956,"y":-0.1358410269021988,"z":0.021698130294680597,"w":0.9780962467193604},"size":15.995745658874512,"orthographic":false}