{"cameraMode":{"drawMode":0,"name":"Shaded","section":"Shading Mode"},"sceneLighting":false,"audioPlay":false,"sceneViewState":{"m_AlwaysRefresh":false,"showFog":true,"showSkybox":false,"showFlares":true,"showImageEffects":true,"showParticleSystems":true,"showVisualEffectGraphs":true,"m_FxEnabled":true},"in2DMode":false,"pivot":{"x":1.7390385866165162,"y":2.946129322052002,"z":7.999690055847168},"rotation":{"x":0.08921697735786438,"y":-0.03734198212623596,"z":0.0033458261750638487,"w":0.9953104257583618},"size":4.8465070724487309,"orthographic":false}