{"cameraMode":{"drawMode":0,"name":"Shaded","section":"Shading Mode"},"sceneLighting":false,"audioPlay":false,"sceneViewState":{"m_AlwaysRefresh":false,"showFog":true,"showSkybox":false,"showFlares":true,"showImageEffects":true,"showParticleSystems":true,"showVisualEffectGraphs":true,"m_FxEnabled":true},"in2DMode":false,"pivot":{"x":-3.602705478668213,"y":-2.2363693714141847,"z":1.9529870748519898},"rotation":{"x":0.04702562093734741,"y":-0.4900815784931183,"z":0.02649189718067646,"w":0.8700119853019714},"size":3.8870279788970949,"orthographic":false}