{"cameraMode":{"drawMode":0,"name":"Shaded","section":"Shading Mode"},"sceneLighting":false,"audioPlay":false,"sceneViewState":{"m_AlwaysRefresh":false,"showFog":true,"showSkybox":false,"showFlares":true,"showImageEffects":true,"showParticleSystems":true,"showVisualEffectGraphs":true,"m_FxEnabled":true},"in2DMode":false,"pivot":{"x":144.59951782226563,"y":124.67485809326172,"z":476.3820495605469},"rotation":{"x":0.050728172063827518,"y":-0.09870997071266175,"z":0.0050385030917823318,"w":0.9938101768493652},"size":12.75686264038086,"orthographic":false}