{"cameraMode":{"drawMode":0,"name":"Shaded","section":"Shading Mode"},"sceneLighting":false,"audioPlay":false,"sceneViewState":{"m_AlwaysRefresh":false,"showFog":true,"showSkybox":false,"showFlares":true,"showImageEffects":true,"showParticleSystems":true,"showVisualEffectGraphs":true,"m_FxEnabled":true},"in2DMode":false,"pivot":{"x":212.70167541503907,"y":152.82171630859376,"z":448.41607666015627},"rotation":{"x":-0.022514943033456804,"y":0.8893512487411499,"z":0.04406050592660904,"w":0.45456138253211977},"size":22.147756576538087,"orthographic":true}